{
    "sacrebleu": 3.872269602262254,
    "rouge-1": 20.31559890211017,
    "rouge-2": 4.156015532282704,
    "rouge-l": 17.031702880974713
}